{"cameraMode":{"drawMode":0,"name":"Shaded","section":"Shading Mode"},"sceneLighting":true,"audioPlay":false,"sceneViewState":{"m_AlwaysRefresh":false,"showFog":true,"showSkybox":true,"showFlares":true,"showImageEffects":true,"showParticleSystems":true,"showVisualEffectGraphs":true,"m_FxEnabled":true},"in2DMode":false,"pivot":{"x":-31.318418502807618,"y":-1235.1607666015625,"z":432.8062438964844},"rotation":{"x":-0.5806636214256287,"y":0.022457441315054895,"z":-0.016026876866817476,"w":-0.813679575920105},"size":666.7176513671875,"orthographic":false}